InvestorKey,InvestorName,InvestorType
0,UNKNOWN,UNKNOWN
1,035 Investimenti Dayone,OTHER
2,33N Partech,OTHER
3,360 Capital Partners,PE
4,360 Capital Partners 14Peaks Capital,PE
5,360 Capital Partners Anche Tramite Lv360,PE
6,360 Capital Partners Poli360,PE
7,360 Capital Partners Poli360 Eureka Ventures SGR Eureka Fund I - Technology Transfer,VC
8,360 Capital Partners Tech4Planet Polo Tt CDP Ventures Capital SGR,GOVERNMENT
9,3B Future Health Fund CDP Ventures Capital SGR Innogest SGR,GOVERNMENT
10,40Jemz Ventures,VC
11,40Jemz Ventures Eden Ventures Maggioli Ventures Moffu Labs G N Ras Corporate Moonstone Kf-Invest e Enzima12,CORPORATE_VC
12,40Jemz Ventures Techaround VC,VC
13,40Jemz Ventures Xequity,VC
14,4Aim Sicaf,OTHER
15,4Ward Lca Ventures,VC
16,645 Ventures 3Vc,VC
17,8A Investimenti SGR Banca Generali,FINANCIAL_INSTITUTION
18,A11 Ventures,VC
19,A16Z Csx,OTHER
20,A2A,OTHER
21,Aatech,OTHER
22,Ab Holding,OTHER
23,Abalone Group,OTHER
24,Abbi Group,OTHER
25,Abc Company,OTHER
26,Abd Asia,OTHER
27,Abn Amro Bank N.V. Techstarts Future of Longevity Accelerator,CORPORATE_VC
28,Ad4Ventures Mediaset,VC
29,Addition,OTHER
30,Addition Greyhound Capital Lightrock,PE
31,Addvalue,OTHER
32,Agfunder Grow Impact Fund,PE
33,Agrifood Bic,OTHER
34,Albionvc Hikma Ventures,VC
35,Alchimia,OTHER
36,Alfasigma Utopia Sis Istituto David Chiossone Club2021,OTHER
37,Alkemia Capital Partners SGR Sinergia Ventures Fund,VC
38,Alkemia Capital SGR Sinergia Ventures Fund Thomson Reuters Ventures,VC
39,Alma Mundi Ventures,VC
40,Altana Group,OTHER
41,Altri Investitori,OTHER
42,Amazon Alexa Fund,PE
43,Andera Partners Bpifrance M Ventures,VC
44,Andriani,OTHER
45,Angelini Investment,FAMILY_OFFICE
46,Annapurna,OTHER
47,Anthilia Capital Partners SGR Azimut Libera Impresa SGR Attraverso Alicrowd Istituito da Azimut Investment,PE
48,Apside,OTHER
49,Archangel Adventure,VC
50,Argo Rete CDP Ventures Capital SGR,GOVERNMENT
51,Arieli Capital,PE
52,Astanor Ventures,VC
53,Atlas Ventures Forbion Capital Partners,VC
54,Atypical Partners,OTHER
55,Auxiell,OTHER
56,Avanzi Etica Sicaf Euveca,OTHER
57,Avanzi Etica Sicaf Euveca Boost Heroes Impact Hub,OTHER
58,Avio,OTHER
59,Avm Gestioni SGR,OTHER
60,Avm Gestioni SGR Cysero,OTHER
61,Axiter Confcommercio Investitori Anche Privati,OTHER
62,Axpo Creadd Ventures,VC
63,Azimut,OTHER
64,Azimut Anche Tramite Azimut Libera Impresa SGR,OTHER
65,Azimut Anche Tramite Un Veicolo per Investitori Privati,PE
66,Azimut Holding,OTHER
67,Azimut Libera Impresa SGR,OTHER
68,Azimut Libera Impresa SGR Attraverso Alicrowd Istituito da Azimut Investment,OTHER
69,Azimut Libera Impresa SGR Attraverso Alicrowd Istituito da Azimut Investment Fb5 Investment,OTHER
70,Azimut Libera Impresa SGR Attraverso Alicrowd Istituito da Azimut Investment Vertis SGR,OTHER
71,Azimut Libera Impresa SGR Gellify,OTHER
72,Azimut Libera Impresa SGR Gellify Crif,OTHER
73,Azimut Libera Impresa SGR Tramite Azimut Eltif e Az Raif Ii Ventures Capital Digitech Europe Altri Investitori,VC
74,B4I Bocconi for Innovation,CORPORATE_VC
75,B4I Fund Sis,PE
76,B4Ifund,PE
77,Baker Hughes,OTHER
78,Banca Agricola Commerciale Banca di San Marino Cassa di Risparmio della Repubblica di San Marino Abalone Group,FINANCIAL_INSTITUTION
79,Banca Etica,FINANCIAL_INSTITUTION
80,Banca Generali,FINANCIAL_INSTITUTION
81,Banca Popolare del Cassinate,FINANCIAL_INSTITUTION
82,Banca Popolare di Cortona,FINANCIAL_INSTITUTION
83,Banca Popolare di Santangelo Konvergence,FINANCIAL_INSTITUTION
84,Banca Profilo,FINANCIAL_INSTITUTION
85,Banca Progetto,FINANCIAL_INSTITUTION
86,Banca Sella,FINANCIAL_INSTITUTION
87,Banca Valsabbina,FINANCIAL_INSTITUTION
88,Benchmark,OTHER
89,Bene Assicurazioni Vittoria Assicurazioni,OTHER
90,Benson Oak Ventures,VC
91,Berrier Capital,PE
92,Bfc Media Trentino Sviluppo,OTHER
93,Bio4Dreams,OTHER
94,Bio4Dreams Corporate,CORPORATE_VC
95,Bios Line Holding,OTHER
96,Blackstone,OTHER
97,Blue Canyon,OTHER
98,Bonsai Ventures,VC
99,Bonsai Ventures Loop,VC
100,Boost VC,VC
101,Borderless Capital,PE
102,Bosch Ventures Capital,VC
103,Branca International,OTHER
104,Brembo Ventures,VC
105,Bristol Myers Squibb,OTHER
106,Burda Principal Investment Sequoia Capital India Sasscorp,PE
107,CDP Ventures Capital SGR,GOVERNMENT
108,CDP Ventures Capital SGR Altro Operatore di VC,GOVERNMENT
109,CDP Ventures Capital SGR Anche Tramite Galaxia Polo Tt CDP Ventures Capital SGR,GOVERNMENT
110,CDP Ventures Capital SGR Anche Tramite Motor Valley Accelerator Rete CDP Ventures Capital SGR,GOVERNMENT
111,CDP Ventures Capital SGR Anche Tramite Personae Rete CDP VC SGR,GOVERNMENT
112,CDP Ventures Capital SGR Anche Tramite Roboit Polo Tt CDP Ventures Capital SGR,GOVERNMENT
113,CDP Ventures Capital SGR Anche Tramite Styleit Rete CDP Ventures Capital SGR,GOVERNMENT
114,CDP Ventures Capital SGR Anche Tramite Tech4Planet Polo Tt CDP Ventures Capital SGR,GOVERNMENT
115,CDP Ventures Capital SGR Anzu Partners,GOVERNMENT
116,CDP Ventures Capital SGR Azimut Libera Impresa SGR Attraverso Alicrowd Istituito da Azimut Investment,GOVERNMENT
117,CDP Ventures Capital SGR Barclays,GOVERNMENT
118,CDP Ventures Capital SGR Bper Banca,GOVERNMENT
119,CDP Ventures Capital SGR Claris Ventures SGR,GOVERNMENT
120,CDP Ventures Capital SGR Credem Private Equity SGR Primo Ventures SGR,GOVERNMENT
121,CDP Ventures Capital SGR Ecbf European Circular Bioeconomy Fund,GOVERNMENT
122,CDP Ventures Capital SGR Eureka Ventures SGR Eureka Fund I - Technology Transfer,GOVERNMENT
123,CDP Ventures Capital SGR Fondazione Enea Tech e Biomedical,GOVERNMENT
124,CDP Ventures Capital SGR Istituto Dell Enciclopedia Italiana Treccani Scuola,GOVERNMENT
125,CDP Ventures Capital SGR Liftt,GOVERNMENT
126,CDP Ventures Capital SGR Mimete Punch Torino,GOVERNMENT
127,CDP Ventures Capital SGR Opes Italia Sicaf Euveca Azimut Libera Impresa SGR Attraverso Alicrowd Istituito da Azimut Investment,GOVERNMENT
128,CDP Ventures Capital SGR Panakès Partners SGR,GOVERNMENT
129,CDP Ventures Capital SGR Rinkelberg Capital,GOVERNMENT
130,Camfin Group,OTHER
131,Campari,OTHER
132,Casdin Capital,PE
133,Claris Ventures SGR,VC
134,Claris Ventures SGR 2Invest,VC
135,Claris Ventures SGR Exor Ventures,VC
136,Cloud Care,OTHER
137,Club Degli Investitori,OTHER
138,Club Degli Investitori Sensible Capital,PE
139,Coatue Management,OTHER
140,Coinfund Eden Block Animoca Brands,PE
141,Comi,OTHER
142,Compagnia Bresciana Investimenti,OTHER
143,Cordifin Key Capital,PE
144,Corporate,CORPORATE_VC
145,Corporate Italiana,CORPORATE_VC
146,Corporate Tedesca,CORPORATE_VC
147,Credemtel,OTHER
148,Credit Agricole Agos,FINANCIAL_INSTITUTION
149,Credit Agricole Italia,FINANCIAL_INSTITUTION
150,Crif,OTHER
151,Crif Gellify B.Group,OTHER
152,Decibel Partners,OTHER
153,Deep Ocean Capital SGR,PE
154,Deep Ocean Capital SGR Levante Capital Sis,PE
155,Deerfield Management,OTHER
156,Deloitte Consulting Sb Adm Media Consulting,OTHER
157,Demetra Holding,OTHER
158,Dialectic,OTHER
159,Dig Ventures,VC
160,Digital Magics,OTHER
161,Digital Magics Lazio Innova,OTHER
162,Digitouch,OTHER
163,Dip Capital,PE
164,Dpixel,OTHER
165,Durable Capital Partners,PE
166,Dxt Commodities,OTHER
167,E-Novia,OTHER
168,Earlybird Ventures Capital,VC
169,Eden Ventures Vento Investment,VC
170,Edf Pulse Croissance,OTHER
171,Edison,OTHER
172,Ego Ventures,VC
173,Emblem,OTHER
174,Emerge,OTHER
175,Encelado Ventures,VC
176,Eni Eni Gas e Luce,OTHER
177,Eni Next,OTHER
178,Eni Next Neva SGR,OTHER
179,Eos Advisory,OTHER
180,Equiter Rif-T,OTHER
181,Equiter Rif-T Liftt,OTHER
182,Eulero Capital,PE
183,Eurazeo,OTHER
184,Eureka Ventures SGR Blacksheep,VC
185,Eureka Ventures SGR Blacksheep Axon Partners Group,VC
186,Eureka Ventures SGR Blacksheep CDP Ventures Capital SGR,GOVERNMENT
187,Eureka Ventures SGR Eureka Fund I - Technology Transfer,VC
188,Eureka Ventures SGR Eureka Fund I - Technology Transfer Liftt,VC
189,Eureka Ventures SGR Eureka Fund Technology Transfer Motor Valley Accelerator Rete CDP Ventures Capital SGR,GOVERNMENT
190,Europ Assistance Italia,OTHER
191,Exor,OTHER
192,Exor Nv,OTHER
193,Exor Seeds,VC
194,Exor Ventures,VC
195,Exor Ventures Italian Founders Fund,VC
196,Expert Dojo,PE
197,Fabric Ventures,VC
198,Fabrick Banca Sella,FINANCIAL_INSTITUTION
199,Fairconnect,OTHER
200,Family Office,FAMILY_OFFICE
201,Farming Future Polo Tt CDP Ventures Capital SGR,GOVERNMENT
202,Fasanara Capital,PE
203,Fasanara Capital Fabrick Banca Sella,PE
204,Ferrovie Nord Milano,OTHER
205,Fg2 Capital,PE
206,Fidelity Management & Research Company,OTHER
207,Fin Posillipo Healthware Ventures,VC
208,Fin Tech Accelerator Rete CDP Ventures Capital SGR,GOVERNMENT
209,Finanziaria Internazionale Investment SGR,OTHER
210,Finbeauty,OTHER
211,Fincalabra Fovec,OTHER
212,Finindus,OTHER
213,Finservice,OTHER
214,Fintech Partners,OTHER
215,Five Elms Capital,PE
216,Fnm,OTHER
217,Fondazione Enea Tech e Biomedical,OTHER
218,Fondazione Golinelli G-Factor,OTHER
219,Fondazione Social Ventures Gda,VC
220,Fondazione Social Ventures Giordano Dell Amore,VC
221,Fondo Italiano D Investimento SGR,OTHER
222,Foodlabs,CORPORATE_VC
223,Fortitude 1780,OTHER
224,Founderful,OTHER
225,Founders,OTHER
226,Friulia,OTHER
227,Fuel Ventures,VC
228,Future Industry Ventures Ecapital,VC
229,G Rent,OTHER
230,Gaingels,OTHER
231,Galaxia Polo Tt CDP Ventures Capital SGR,GOVERNMENT
232,Gefran,OTHER
233,Gellify,OTHER
234,Gellify Azimut Libera Impresa SGR Exor Seeds,VC
235,Generali Italia,OTHER
236,Genextra Panakès Partners SGR,OTHER
237,Gepafin,OTHER
238,Giant Ventures,VC
239,Gne Finance,OTHER
240,Grand Pharmaceutical Group,OTHER
241,Green Arrow Capital,PE
242,Green Sands Equity,PE
243,Grey Silo Ventures Eatable Adventure Kost Capital,VC
244,Growth Engine,OTHER
245,Growth Engine Exor Ventures,VC
246,Gruppo Antonio Carraro,OTHER
247,Gruppo Brixia,OTHER
248,Gruppo Fnm,OTHER
249,Gruppo Generali,OTHER
250,Gruppo Generali Banca Ifis Banca Sella Istituto Atesino di Sviluppo Altri Soci,FINANCIAL_INSTITUTION
251,Gruppo Iren,OTHER
252,Gruppo Mecar,OTHER
253,Gruppo Millennials,OTHER
254,Gruppo Pietro Fiorentini,OTHER
255,Guala Dispensing,PE
256,Habismart Rete CDP Ventures Capital SGR,GOVERNMENT
257,Haiki,OTHER
258,Health Technology Holding,OTHER
259,Helen Ventures,VC
260,Horsa Group,OTHER
261,Hv Capital,PE
262,Iag Italians in VC,VC
263,Ib-Innovation Booster,CORPORATE_VC
264,Ih1 Mamazen,OTHER
265,Ih1 Mamazen Investitori Privati,OTHER
266,Il Fatto Quotidiano,OTHER
267,Illumia,OTHER
268,Immobiliare. IT Vam Investment,OTHER
269,Impact Partners Nordic Icf Capital,PE
270,Impactage,OTHER
271,In3 Ventures,VC
272,Indaco Ventures Partners SGR,VC
273,Indaco Ventures Partners SGR Altro Operatore di Ventures Capital,VC
274,Indaco Ventures Partners SGR Anche Tramite Fondo Indaco Ventures I Parallel Lombardia,VC
275,Indaco Ventures Partners SGR Anche Tramite Fondo Indaco Ventures I Parallel Lombardia Genextra,VC
276,Indaco Ventures Partners SGR CDP Ventures Capital SGR,GOVERNMENT
277,Indaco Ventures Partners SGR Indaco Bio,VC
278,Indaco Ventures Partners SGR Mito Technology Progress Tech Transfer,VC
279,Indaco Ventures Partners SGR Vertis SGR,VC
280,Indico Capital Partners,PE
281,Innogest SGR Tan Food,OTHER
282,Innovando Axxelera,OTHER
283,Innovatec Ventures,VC
284,Innovation Industries,CORPORATE_VC
285,Innovation Industries Strategic Partners Fund,CORPORATE_VC
286,Innovative-Rfk,OTHER
287,Insight Partners,OTHER
288,Intesa Sanpaolo,FINANCIAL_INSTITUTION
289,Investitore Privato,OTHER
290,Investitori,OTHER
291,Investitori Corporate,CORPORATE_VC
292,Investitori Industriali,OTHER
293,Investitori Industriali e Privati,OTHER
294,Investitori Istituzionali Industriali e Privati,OTHER
295,Investitori Istituzionali e Industriali,OTHER
296,Investitori Privati,OTHER
297,Investitori Privati Entsorga Coeclerici,OTHER
298,Investitori Privati Tramite Equity Crowdfunding,PE
299,Investitori e Soci,OTHER
300,Invictus Capital,PE
301,Iris Ventures,VC
302,Isa Istituto Atesino di Sviluppo,OTHER
303,Ismea,OTHER
304,Istion Ventures,VC
305,Italian Angels for Growth,FAMILY_OFFICE
306,Italmondo Supernova Hub,PE
307,Itas Mutua,OTHER
308,Jointly,OTHER
309,Kairos Partners SGR,OTHER
310,Kairos Partners SGR Operatore di Ventures Capital,VC
311,Katapult Ocean,OTHER
312,Kck Medtech,OTHER
313,Keen Ventures Partners,VC
314,Key Capital,PE
315,Khosla Ventures,VC
316,Klambt Digital,OTHER
317,Klass Capital,PE
318,Knobs,OTHER
319,Kntnr,OTHER
320,Koinos Capital SGR Italian Founders Fund,PE
321,Koinos Capital SGR Italian Founders Fund 14Peaks Capital,PE
322,Kolind a S Mahalo Consulting,OTHER
323,Korelya Capital Deutsche Invest,PE
324,Kroschke Gruppe Asia Group,PE
325,Labomar,OTHER
326,Lakestar,OTHER
327,Larry,OTHER
328,Lazio Innova,OTHER
329,Lazio Innova Boost Heroes,OTHER
330,Lazio Innova Lventure Group,VC
331,Lbs Advisory & Investment,OTHER
332,Lgr Holding Gruppo Ferrarelle,OTHER
333,Lifegate Way,OTHER
334,Lifegateway,OTHER
335,Liftt,OTHER
336,Liftt Blackberry,OTHER
337,Liftt Finde Holding,OTHER
338,Liftt Mito Technology Progress Tech Transfer,OTHER
339,Lightspeed Sequoia Capital Sea,PE
340,Ligurcapital,PE
341,Local Globe,OTHER
342,Lombardstreet Ventures,VC
343,Luiss Alumni 4 Growth,OTHER
344,Luiss Alumni 4 Growth La4G Maire Investment,OTHER
345,Lumen Ventures Sis,VC
346,Lventure Group,VC
347,Lventure Group Operatore di Ventures Capital,VC
348,M&G,OTHER
349,Magic Mind,OTHER
350,Mamazen,OTHER
351,Marathon Ventures Capital,VC
352,Market3Rs,OTHER
353,Mars Growth Capital,PE
354,Marubeni Corporation,OTHER
355,Mayfair Equity Partners,PE
356,Mazal Capital,PE
357,Mb Speedup Accelerator,CORPORATE_VC
358,Mega Holding,OTHER
359,Microdata,OTHER
360,Milano Finanza,OTHER
361,Milano Investment Partners SGR,OTHER
362,Milano Investment Partners SGR Picus Capital Kitchen Fund,PE
363,Minerva Pictures,OTHER
364,Mito Technology Progress Tech Transfer,OTHER
365,Mito Technology Progress Tech Transfer Liftt,OTHER
366,Mitsubishi Electric Schneider Electric,OTHER
367,Mitsui & Co,OTHER
368,Mival Capital,PE
369,Moffu Labs,CORPORATE_VC
370,Moffu Labs 2,CORPORATE_VC
371,Moffu Labs Seed Money Afp Capital Insquared Yayaso,CORPORATE_VC
372,Montage Ventures,VC
373,Motor Valley Accelerator Rete CDP Ventures Capital SGR,GOVERNMENT
374,Nb Renaissance Baillie Gifford Cox Enterprises,OTHER
375,Net Insurance Luiss Alumni 4 Growth,OTHER
376,Net4Capital,PE
377,Netresults,OTHER
378,Neva SGR,OTHER
379,Neva SGR Indaco Ventures Partners SGR,VC
380,Neva SGR Intesa Sanpaolo Vita,FINANCIAL_INSTITUTION
381,Nextalia SGR Alkemia Capital SGR Sinergia Ventures Fund,VC
382,Nextchance Invest Ad4Ventures Mediaset España,VC
383,Nextstep Ventures,VC
384,Nfx,OTHER
385,Nfx Qed Investor,OTHER
386,Nimbus Capital,PE
387,Nlc the Healthtech Ventures Builder,VC
388,Northzone,OTHER
389,Northzone Insight Partners,OTHER
390,Nova Capital,PE
391,O&I Investment Club,OTHER
392,Olma Luxury Holdings Brahma Nuo Capital,PE
393,Oltre Ii Sicaf Euveca,OTHER
394,Oltre Impact SGR,OTHER
395,Oltre Impact SGR CDP Ventures Capital SGR,GOVERNMENT
396,Oltre Ventures,VC
397,Onde Alte,OTHER
398,Oneday Group,OTHER
399,Open Ventures,VC
400,Operatore di VC,VC
401,Operatore di Ventures Capital,VC
402,Operatori VC Internazionali,VC
403,Operatori di Ventures Capital Internazionali,VC
404,Operatori di Ventures Capital Investitori Privati,VC
405,Opes Italia Sicaf Euveca,PE
406,Opes Italia Sicaf Euveca Altro Operatore di Ventures Capital,VC
407,Opes Italia Sicaf Euveca Investitore Privato,PE
408,Ori Martin,OTHER
409,Orienta Capital Partners,PE
410,Ospedal Grando Impact Investing,PE
411,Otb Ventures,VC
412,P101 SGR,OTHER
413,P101 SGR Anche Attraverso Un Comparto del Fondo Azimut Eltif,OTHER
414,P101 SGR Anche Attraverso Un Fondo Istituito da Azimut Libera Impresa SGR,OTHER
415,P101 SGR Anche Attraverso Un Fondo Istituito da Azimut Libera Impresa SGR Hbm Healthcare Investment,OTHER
416,P101 SGR Avm Gestioni SGR Cysero,OTHER
417,Pacific Capital Partners,PE
418,Panakès Partners SGR,OTHER
419,Panakès Partners SGR CDP Ventures Capital SGR,GOVERNMENT
420,Panakès Partners SGR Techwald Holding CDP Ventures Capital SGR,GOVERNMENT
421,Par-Tec Intesi Group,OTHER
422,Pariter Partners,OTHER
423,Parmafood Group,OTHER
424,Partech,OTHER
425,Partech Partners,OTHER
426,Pfc,OTHER
427,Phoenix Capital,PE
428,Pi Labs,CORPORATE_VC
429,Picus Capital,PE
430,Picus Capital Ta Ventures Encelado,VC
431,Piteco,OTHER
432,Plug and Play Ventures,VC
433,Polimi Graduate School of Management,OTHER
434,Ponti,OTHER
435,Poste Italiane,OTHER
436,Prana Ventures Sicaf Euveca,VC
437,Prana Ventures Sicaf Euveca Azimut Libera Impresa SGR,VC
438,Prana Ventures Sicaf Euveca Bonsai Ventures Growth Engine,VC
439,Prana Ventures Sicaf Euveca Kairos Partners SGR,VC
440,Premji Invest Third Point Ventures,VC
441,Primo Ventures SGR,VC
442,Primo Ventures SGR CDP Ventures Capital SGR,GOVERNMENT
443,Primomiglio SGR,OTHER
444,Primomiglio SGR Eureka Ventures SGR Eureka Fund I - Technology Transfer,VC
445,Proximity Capital Mercurio Holding,PE
446,Quadia,OTHER
447,Quadronica Gieffe,OTHER
448,Rancilio Cube,OTHER
449,Real Web Immobiliare.It,OTHER
450,Reale Group,OTHER
451,Reale Mutua Assicurazioni,OTHER
452,Red Circle Investment,OTHER
453,Redelfi,OTHER
454,Repower Italia,OTHER
455,Rgax Reale Group,OTHER
456,Rgax Reale Mutua,OTHER
457,Rigel Ventures,VC
458,Riverside Acceleration Capital,PE
459,Riverside Acceleration Capital Educapital,PE
460,Roboit Polo Tt CDP Ventures Capital SGR,GOVERNMENT
461,Roboit Polo Tt CDP Ventures Capital SGR Tech4Planet Polo Tt CDP Ventures Capital SGR,GOVERNMENT
462,Rox Health,OTHER
463,Runa Capital,PE
464,S2Capital Smeup,PE
465,Sanofi,OTHER
466,Sanofi Ventures Ra Capital Management,VC
467,Santex,OTHER
468,Sapphire Ventures,VC
469,Saudi Aramco Energy Ventures Mito Technology Progress Tech Transfer,VC
470,Scientifica VC,VC
471,Scientifica Ventures Capital,VC
472,Seac Fin Botzen Invest Euregio Finance Ag,OTHER
473,Sefea Impact SGR,OTHER
474,Selected Investment,OTHER
475,Sensible Capital,PE
476,Sfc Capital,PE
477,Sg Company,OTHER
478,Shift Invest Rabobank,FINANCIAL_INSTITUTION
479,Sici SGR,OTHER
480,Sici SGR Gepafin,OTHER
481,Sici SGR Investitore Privato,OTHER
482,Sici SGR Mti Holding,OTHER
483,Sidinvest,OTHER
484,Sigma Finanziaria,OTHER
485,Siryo,OTHER
486,Sistemi,OTHER
487,Smart Capital,PE
488,Soci,OTHER
489,Soci Preesistenti,OTHER
490,Socialfare Seed,VC
491,Socialfare Seed Bios Line Holding,VC
492,Sofinnova Partners Abbvie Ventures,VC
493,Sofinnova Partners Anche Tramite Sofinnova Telethon Fund,PE
494,Sofinnova Partners Anche Tramite Sofinnova Telethon Xgen Ventures SGR CDP Ventures Capital SGR,GOVERNMENT
495,Sofinnova Partners Forbion,OTHER
496,Sofinnova Partners Sofinnova Telethon Fund,PE
497,Solvay Ventures,VC
498,South Western Power Group,OTHER
499,Sparklabs,CORPORATE_VC
500,Speedinvest,PE
501,Spring Global Investment,OTHER
502,Square One,OTHER
503,Sri Group,OTHER
504,Starlight Ventures,VC
505,Startip,OTHER
506,Startip Lio Factory,OTHER
507,Startup Wise Guys,OTHER
508,Startup Wise Guys Pinto Ventures,VC
509,Startupgym,OTHER
510,Step,OTHER
511,Sunstone Life Science Ventures,VC
512,Swarm Angels,FAMILY_OFFICE
513,Swen Capital Partners,PE
514,Swisscom Ventures,VC
515,Synergo Capital SGR,PE
516,Synergo Capital SGR Sinergia Ventures Fund,VC
517,Takeoff Accelerator Rete CDP Ventures Capital SGR Galaxia Polo Tt CDP Ventures Capital SGR,GOVERNMENT
518,Tamburi Investment Partners,OTHER
519,Tas -Tecnologia Avanzata dei Sistemi Tramite Global Payment,OTHER
520,Teamsystem,OTHER
521,Tech4Planet Polo Tt CDP Ventures Capital SGR,GOVERNMENT
522,Tech4Planet Polo Tt CDP Ventures Capital SGR Mito Technology Mito Tech Ventures,GOVERNMENT
523,Techstars,OTHER
524,Techstars Blackwood Ventures Fortino Capital Genesis Ventures Sustainable Impact Eden Ventures Spin Ventures,VC
525,Techstars Turin Cities of the Future,OTHER
526,Tecnocasa Group,OTHER
527,Tecnocasa Group Gruppo Gabetti Re Max Tempocasa,OTHER
528,Temasek,OTHER
529,Tencent Willoughby Capital,PE
530,Terme di Saturnia,OTHER
531,Terna Forward,OTHER
532,Terra Next Accelerator Rete CDP Ventures Capital SGR,GOVERNMENT
533,The Column Group,OTHER
534,The Rock Trading Par-Tec Intesi,OTHER
535,The Techshop SGR,OTHER
536,Tiger Global Management,OTHER
537,Tim Ventures Lgt Capital Partners Tencent Square,VC
538,Trentino Sviluppo,OTHER
539,Triangle Peak Partners,PE
540,Trind Ventures,VC
541,Triple Point Ventures Concept Ventures,VC
542,Truvid,OTHER
543,Txt E-Solutions,OTHER
544,Txt Group,OTHER
545,Ulixes Capital Partners,PE
546,Ulixes SGR,OTHER
547,Unicredit,FINANCIAL_INSTITUTION
548,United Ventures SGR,VC
549,United Ventures SGR Anche Tramite Uv Iii Lombardia,VC
550,Università Bocconi Investitori Privati,OTHER
551,Up Day,OTHER
552,Utopia Sis,OTHER
553,Uv Cap Sfem Italia,OTHER
554,V-Bio Ventures,VC
555,Valar Ventures,VC
556,Valor Equity Partners,PE
557,Valor Ventures Sternberg Health,VC
558,Var Group,OTHER
559,Var Group Gruppo Sesa,OTHER
560,Vento,OTHER
561,Vento Exor Ventures,VC
562,Verlinvest,OTHER
563,Verteq Capital,PE
564,Vertis SGR,OTHER
565,Vertis SGR Altro Operatore di Ventures Capital,VC
566,Vertis SGR Vv3Tt,OTHER
567,Vertis SGR Vv3Tt Operatore di VC,VC
568,Vesper Holding,PE
569,Vesper Power Capital,PE
570,Viaro Energy Tosto Group Inarcassa Ingérop Investitori Anche Privati,OTHER
571,Vintage Capital,PE
572,Vita Accelerator Rete CDP Ventures Capital SGR,GOVERNMENT
573,Vittoria Assicurazioni,OTHER
574,Vittoria Hub,OTHER
575,Wallaby,OTHER
576,Warrant Hub Tinexta Group,OTHER
577,We Holding,OTHER
578,Weconstudio,OTHER
579,Welld Delcon Blum,OTHER
580,White Bridge Investment,OTHER
581,Whysol Investment,OTHER
582,Wine Profit,OTHER
583,Woori Technology Investment,OTHER
584,Wylab,OTHER
585,Xgen Ventures SGR,VC
586,Zakeke Futurenext,OTHER
587,Zanichelli Ventures,VC
588,Zero Accelerator Rete CDP Ventures Capital SGR,GOVERNMENT
589,Zest,OTHER
590,Zucchetti,OTHER
591,Zungri Capital,PE
592,Óskare Capital,PE
